category,level_name,area_id,layer_name,area_source,label,drop_id,treasurebox_id,type,name,x,y,z,pitch,yaw,roll,coord_source,nearest_ref_id,nearest_area_id,nearest_distance_2d,nearest_distance_3d,file
Campfire,Maps_4N,4N_B,Volcano,nearest_finaltower_treasure_2d,CampfireActor,,,FT_BP_CampfireActor_C,BP_CampfireActor_C_UAID_CC28AA799B2A47E702_1748891985,101151.0,131961.0,-16637.0,0.0,81.25,0.0,component:SilentCheckComponent,FT_BP_TreasureBox_lv2_001_005,4N_B,595.564,595.77,C:\Tools\Output\Exports\HT\Content\Maps_4N\Maps\Maps_4N\_Generated_\4RRE14Q0AX2VR61KFMMQKZTF0.json
Campfire,Maps_4N,4N_B,Volcano,nearest_finaltower_treasure_2d,CampfireActor,,,FT_BP_CampfireActor_C,BP_CampfireActor_C_UAID_CC28AA799B2A49E702_1457219339,92963.086,149246.47,-18900.54,0.0,176.875,0.0,component:SilentCheckComponent,FT_BP_TreasureBoxDice_lv3_Volcano_005,4N_B,2973.246,2982.667,C:\Tools\Output\Exports\HT\Content\Maps_4N\Maps\Maps_4N\_Generated_\174ZH61OTJ84HGSLBQJYBQD62.json
Campfire,Maps_4N,4N_B,Volcano,nearest_finaltower_treasure_2d,CampfireActor,,,FT_BP_CampfireActor_C,BP_CampfireActor_C_UAID_CC28AA799B2A49E702_1471235340,96881.445,154030.67,-17339.852,12.274116,67.34524,2.7572055,component:SilentCheckComponent,FT_BP_TreasureBox_lv3_001_005,4N_B,3263.036,16350.026,C:\Tools\Output\Exports\HT\Content\Maps_4N\Maps\Maps_4N\_Generated_\2ENU88AYIG35FHK04A7L3O2LB.json
Campfire,Maps_4N,4N_B,Volcano,nearest_finaltower_treasure_2d,CampfireActor,,,FT_BP_CampfireActor_C,BP_CampfireActor_C_UAID_CC28AA799B2A8DE102_1908352914,101815.945,120169.09,-13587.789,3.3061866e-11,65.0,11.25,component:SilentCheckComponent,FT_BP_TreasureBox_lv1_001_003,4N_B,2707.387,2780.69,C:\Tools\Output\Exports\HT\Content\Maps_4N\Maps\Maps_4N\_Generated_\6LLZ38V6HJUDL32EBLD0C61ZG.json
Campfire,Maps_4N,4N_B,Volcano,nearest_finaltower_treasure_2d,CampfireActor,,,FT_BP_CampfireActor_C,BP_CampfireActor_C_UAID_CC28AA799B2A8DE102_1965246915,112487.0,122275.0,-12116.0,0.0,58.75,0.0,component:SilentCheckComponent,FT_BP_TreasureBox_lv1_001_005,4N_B,3200.726,3384.126,C:\Tools\Output\Exports\HT\Content\Maps_4N\Maps\Maps_4N\_Generated_\7OL4TCAPPN1BSU2A0KI1CWJUG.json
Campfire,Maps_4N,4N_B,Volcano,nearest_finaltower_treasure_2d,CampfireActor,,,FT_BP_CampfireActor_C,BP_CampfireActor_C_UAID_CC28AA799B2A8DE102_2092992916,110935.0,136520.0,-11298.0,0.0,92.1875,0.0,component:SilentCheckComponent,FT_BP_TreasureBox_lv1_001_011,4N_B,1663.207,1667.764,C:\Tools\Output\Exports\HT\Content\Maps_4N\Maps\Maps_4N\_Generated_\30ZPUHY7GU83UQZGYEAFNPYKG.json
Campfire,Maps_4N,4N_B,Volcano,nearest_finaltower_treasure_2d,CampfireActor,,,FT_BP_CampfireActor_C,BP_CampfireActor_C_UAID_CC28AA799B2A8EE102_1126829093,112078.0,141422.0,-10603.0,0.0,150.0,0.0,component:SilentCheckComponent,FT_BP_TreasureBox_lv1_001_014,4N_B,1635.478,2281.507,C:\Tools\Output\Exports\HT\Content\Maps_4N\Maps\Maps_4N\_Generated_\CV3JGPYGUUK19QS7IXEQ5PIIY.json
Campfire,Maps_4N,4N_B,Volcano,nearest_finaltower_treasure_2d,CampfireActor,,,FT_BP_CampfireActor_C,BP_CampfireActor_C_UAID_CC28AA799B2A8EE102_1263761094,111102.0,139913.0,-9549.0,0.0,25.0,0.0,component:SilentCheckComponent,FT_BP_TreasureBox_lv1_001_014,4N_B,1346.479,2967.778,C:\Tools\Output\Exports\HT\Content\Maps_4N\Maps\Maps_4N\_Generated_\30ZPUHY7GU83UQZGYEAFNPYKG.json
Campfire,Maps_4N,4N_B,Volcano,nearest_finaltower_treasure_2d,CampfireActor,,,FT_BP_CampfireActor_C,BP_CampfireActor_C_UAID_CC28AA799B2A92E102_2086570799,114285.586,151277.86,-6667.0,0.0,66.25,0.0,component:SilentCheckComponent,FT_BP_TreasureBox_lv1_001_022,4N_B,1148.941,7059.749,C:\Tools\Output\Exports\HT\Content\Maps_4N\Maps\Maps_4N\_Generated_\25Q63HMJECSNQ1BZFHPZ1AROZ.json
Campfire,Maps_4N,4N_B,Volcano,nearest_finaltower_treasure_2d,CampfireActor,,,FT_BP_CampfireActor_C,BP_CampfireActor_C_UAID_CC28AA799B2A93E102_1141562976,122203.516,162945.3,-3550.0342,0.0,170.0,0.0,component:SilentCheckComponent,FT_BP_TreasureBox_lv3_001_004,4N_B,1246.759,1252.406,C:\Tools\Output\Exports\HT\Content\Maps_4N\Maps\Maps_4N\_Generated_\2FWLPY1PAP0DVXFR5MCDOH06D.json
Campfire,Maps_4N,4N_B,Volcano,nearest_finaltower_treasure_2d,CampfireActor,,,FT_BP_CampfireActor_C,BP_CampfireActor_C_UAID_CC28AA799B2A93E102_1388814977,108165.22,158457.33,-1186.0,0.0,-170.625,0.0,component:SilentCheckComponent,FT_BP_TreasureBoxDice_lv3_Volcano_001,4N_B,1120.565,1121.841,C:\Tools\Output\Exports\HT\Content\Maps_4N\Maps\Maps_4N\_Generated_\9KIRWMWFGMY8LNGI7GN6K1ERC.json
Campfire,Maps_4N,4N_B,Volcano,nearest_finaltower_treasure_2d,CampfireActor,,,FT_BP_CampfireActor_C,BP_CampfireActor_C_UAID_CC28AA799B2A93E102_1510801978,95496.0,150477.0,2344.0,0.0,-130.0,0.0,component:SilentCheckComponent,FT_BP_TreasureBoxDice_lv3_Volcano_005,4N_B,5787.321,22247.354,C:\Tools\Output\Exports\HT\Content\Maps_4N\Maps\Maps_4N\_Generated_\C066IT6HRZW7Z3UZXHX4OKS5L.json
Campfire,Maps_4N,4N_B,Volcano,nearest_finaltower_treasure_2d,CampfireActor,,,FT_BP_CampfireActor_C,BP_CampfireActor_C_UAID_CC28AA799B2A93E102_1552933979,112582.11,154018.64,273.0,0.0,-65.0,0.0,component:SilentCheckComponent,FT_BP_TreasureBox_lv2_001_009,4N_B,2286.946,6418.266,C:\Tools\Output\Exports\HT\Content\Maps_4N\Maps\Maps_4N\_Generated_\19MUNWQMC09088U4I21FYTAVD.json
Campfire,Maps_4N,4N_B,Volcano,nearest_finaltower_treasure_2d,CampfireActor,,,FT_BP_CampfireActor_C,FT_BP_CampfireActor_Quest_C_UAID_CC28AA799B2A75E402_1167444901,109920.0,117946.0,-13812.0,-0.0,-145.0,0.0,component:SilentCheckComponent,FT_BP_TreasureBox_lv1_001_005,4N_B,1994.01,2081.48,C:\Tools\Output\Exports\HT\Content\Maps_4N\Maps\Maps_4N\_Generated_\3ZQ4SEIVZKNAT97WBOIGAR4IE.json
Campfire,Maps_4N,4N_C,SnowMountain,nearest_finaltower_treasure_2d,CampfireActor,,,FT_BP_CampfireActor_C,FT_BP_CampfireActor_C_UAID_A0AD9F1610993DE202_1128799896,-346568.25,99637.016,-5944.3135,0.0,110.0,0.0,component:SilentCheckComponent,FT_BP_TreasureBox_lv1_002_001,4N_C,4126.472,4136.874,C:\Tools\Output\Exports\HT\Content\Maps_4N\Maps\Maps_4N\_Generated_\00D4GB0I1HZ406CBVMGO5VSPJ.json
Campfire,Maps_4N,4N_C,SnowMountain,nearest_finaltower_treasure_2d,CampfireActor,,,FT_BP_CampfireActor_C,FT_BP_CampfireActor_C_UAID_BCFCE76BD61605E502_1408193202,-330378.72,158362.56,7703.3594,0.0,-340.0,-2.1582184,component:SilentCheckComponent,FT_BP_TresureBoxDice_lv3_Snow_03,4N_C,3975.642,4118.249,C:\Tools\Output\Exports\HT\Content\Maps_4N\Maps\Maps_4N\_Generated_\0V6UU81TN3QMJHYAGZUPW14JF.json
Campfire,Maps_4N,4N_C,SnowMountain,nearest_finaltower_treasure_2d,CampfireActor,,,FT_BP_CampfireActor_C,FT_BP_CampfireActor_C_UAID_BCFCE76BD61642E702_1480241050,-338873.84,144769.75,254.11514,0.0,-2.0395799,0.0,component:SilentCheckComponent,FT_BP_TreasureBox_lv1_002_025,4N_C,782.872,783.502,C:\Tools\Output\Exports\HT\Content\Maps_4N\Maps\Maps_4N\_Generated_\9I44ZFQW15MHCSOXJ3FPMQSLX.json
Campfire,Maps_4N,4N_C,SnowMountain,nearest_finaltower_treasure_2d,CampfireActor,,,FT_BP_CampfireActor_C,FT_BP_CampfireActor_C_UAID_BCFCE76BD61643E702_1330145227,-322907.3,160764.72,4109.7427,-0.7431546,35.63543,1.8390914,component:SilentCheckComponent,FT_BP_TreasureBox_lv1_002_034,4N_C,2176.466,4313.291,C:\Tools\Output\Exports\HT\Content\Maps_4N\Maps\Maps_4N\_Generated_\9RQTKSLV71JBZOS6AOS4S3WT5.json
Campfire,Maps_4N,4N_C,SnowMountain,nearest_finaltower_treasure_2d,CampfireActor,,,FT_BP_CampfireActor_C,FT_BP_CampfireActor_C_UAID_BCFCE76BD61643E702_1783324228,-343120.0,114564.195,-6380.7344,0.0,107.14709,0.0,component:SilentCheckComponent,FT_BP_TreasureBox_lv1_002_R2_001,4N_C,1913.632,1927.317,C:\Tools\Output\Exports\HT\Content\Maps_4N\Maps\Maps_4N\_Generated_\3AUB5CKJSX3WC5D5BNNHHFYXE.json
Campfire,Maps_4N,4N_C,SnowMountain,nearest_finaltower_treasure_2d,CampfireActor,,,FT_BP_CampfireActor_C,FT_BP_CampfireActor_C_UAID_BCFCE76BD61644E702_1239978405,-336360.66,124953.55,-7173.16,2.013316e-14,148.16824,0.0,component:SilentCheckComponent,FT_BP_TreasureBox_lv3_002_R2_006,4N_C,2644.148,2817.785,C:\Tools\Output\Exports\HT\Content\Maps_4N\Maps\Maps_4N\_Generated_\9UZHEFEWAJ8WHB8LDLQ75GL5Y.json
Campfire,Maps_4N,4N_C,SnowMountain,nearest_finaltower_treasure_2d,CampfireActor,,,FT_BP_CampfireActor_C,FT_BP_CampfireActor_C_UAID_BCFCE76BD61644E702_1659574406,-327248.1,136128.58,-5013.4604,-2.1858985,-146.9375,-0.30007225,component:SilentCheckComponent,FT_BP_TreasureBox_lv2_R2_001,4N_C,2681.491,2758.034,C:\Tools\Output\Exports\HT\Content\Maps_4N\Maps\Maps_4N\_Generated_\5MGRIY5KIWHR9H483H8GG5U6P.json
Campfire,Maps_4N,4N_C,SnowMountain,nearest_finaltower_treasure_2d,CampfireActor,,,FT_BP_CampfireActor_C,FT_BP_CampfireActor_C_UAID_BCFCE76BD61645E702_1225950583,-325618.2,145049.27,410.09552,-0.5844744,230.31192,-0.30371112,component:SilentCheckComponent,FT_BP_TreasureBox_lv3_002_R2_001,4N_C,634.68,5359.358,C:\Tools\Output\Exports\HT\Content\Maps_4N\Maps\Maps_4N\_Generated_\EQMMQ5JW92SVJ84K60WVN5XL6.json
Campfire,Maps_4N,4N_C,SnowMountain,nearest_finaltower_treasure_2d,CampfireActor,,,FT_BP_CampfireActor_C,FT_BP_CampfireActor_C_UAID_BCFCE76BD61648E302_2135451992,-342265.8,119410.8,-11055.809,0.0,125.0,0.0,component:SilentCheckComponent,FT_BP_TreasureBox_lv1_002_R2_003,4N_C,1227.538,4612.087,C:\Tools\Output\Exports\HT\Content\Maps_4N\Maps\Maps_4N\_Generated_\DKM5E1B9D0BJM93AL4HNLI4F3.json
Campfire,Maps_4N,4N_C,SnowMountain,nearest_finaltower_treasure_2d,CampfireActor,,,FT_BP_CampfireActor_C,FT_BP_CampfireActor_C_UAID_BCFCE76BD61649E302_1620188169,-338783.25,130482.01,-10818.599,0.0,-251.92323,0.0,component:SilentCheckComponent,FT_BP_TreasureBox_lv3_002_R2_002,4N_C,636.226,2753.942,C:\Tools\Output\Exports\HT\Content\Maps_4N\Maps\Maps_4N\_Generated_\1E2ACQ2LGT7RB21CTYD709FPN.json
Campfire,Maps_4N,4N_C,SnowMountain,nearest_finaltower_treasure_2d,CampfireActor,,,FT_BP_CampfireActor_C,FT_BP_CampfireActor_C_UAID_BCFCE76BD61649E302_2037472170,-342393.97,151995.28,4650.947,0.0,-181.41039,0.0,component:SilentCheckComponent,FT_BP_TreasureBox_lv1_002_030,4N_C,3249.25,4325.57,C:\Tools\Output\Exports\HT\Content\Maps_4N\Maps\Maps_4N\_Generated_\80HX25NAEYPZ38164SXZ6602G.json
Campfire,Maps_4N,4N_C,SnowMountain,nearest_finaltower_treasure_2d,CampfireActor,,,FT_BP_CampfireActor_C,FT_BP_CampfireActor_C_UAID_BCFCE76BD6164AE302_1247043347,-317376.75,166619.5,7359.5034,-0.83595747,-315.85626,0.04372845,component:SilentCheckComponent,FT_BP_TresureBoxDice_lv3_Snow_05,4N_C,1132.117,1136.086,C:\Tools\Output\Exports\HT\Content\Maps_4N\Maps\Maps_4N\_Generated_\0C04NBVKDURYEOTZMJFCMBYPY.json
Campfire,Maps_4N,4N_D,Lake,nearest_finaltower_treasure_2d,CampfireActor,,,FT_BP_CampfireActor_C,BP_CampfireActor_C_UAID_60CF84EB60DA37E102_1878275779,114660.92,-133739.0,2249.0,,,,component:SilentCheckComponent,FT_BP_TreasureBox_lv3_003_002,4N_D,4881.637,4881.664,C:\Tools\Output\Exports\HT\Content\Maps_4N\Maps\Maps_4N\_Generated_\2IUN109LUHFNZ8N5SGMZAW534.json
Campfire,Maps_4N,4N_D,Lake,nearest_finaltower_treasure_2d,CampfireActor,,,FT_BP_CampfireActor_C,BP_CampfireActor_C_UAID_60CF84EB60DA37E102_2135807780,122908.02,-146688.42,2388.7202,,,,component:SilentCheckComponent,FT_BP_TresureBoxDice_lv3_003_001,4N_D,819.312,1143.496,C:\Tools\Output\Exports\HT\Content\Maps_4N\Maps\Maps_4N\_Generated_\11D65S8PKF41X93FVNQ8CUMFY.json
Campfire,Maps_4N,4N_D,Lake,nearest_finaltower_treasure_2d,CampfireActor,,,FT_BP_CampfireActor_C,BP_CampfireActor_C_UAID_60CF84EB60DA39E102_1431573134,131792.3,-150195.44,3570.736,,,,component:SilentCheckComponent,FT_BP_TreasureBox_lv2_003_004,4N_D,3609.546,3699.033,C:\Tools\Output\Exports\HT\Content\Maps_4N\Maps\Maps_4N\_Generated_\8M33STNUK88GGBTFPPMEHG7MV.json
Campfire,Maps_4N,4N_D,Lake,nearest_finaltower_treasure_2d,CampfireActor,,,FT_BP_CampfireActor_C,BP_CampfireActor_C_UAID_60CF84EB60DA39E102_1562417136,155478.28,-143617.42,-1265.5653,0.0,13.62288,0.0,component:SilentCheckComponent,FT_BP_TreasureBox_lv1_003_003,4N_D,3692.792,3697.037,C:\Tools\Output\Exports\HT\Content\Maps_4N\Maps\Maps_4N\_Generated_\2IS9J9NLABQBHI7QIDD4SBH8F.json
Campfire,Maps_4N,4N_D,Lake,nearest_finaltower_treasure_2d,CampfireActor,,,FT_BP_CampfireActor_C,BP_CampfireActor_C_UAID_60CF84EB60DA39E102_1642236137,147301.06,-127457.32,3038.1824,2.467442,0.24981132,-1.3801616,component:SilentCheckComponent,FT_BP_TreasureBox_lv2_003_000,4N_D,307.716,307.763,C:\Tools\Output\Exports\HT\Content\Maps_4N\Maps\Maps_4N\_Generated_\1IXAICPWTNS3G3BYKI6CHGXKE.json
Campfire,Maps_4N,4N_D,Lake,nearest_finaltower_treasure_2d,CampfireActor,,,FT_BP_CampfireActor_C,BP_CampfireActor_C_UAID_60CF84EB60DA39E102_1705329138,114919.77,-123809.96,3326.1504,,,,component:SilentCheckComponent,FT_BP_TreasureBox_lv1_003_004,4N_D,779.516,781.41,C:\Tools\Output\Exports\HT\Content\Maps_4N\Maps\Maps_4N\_Generated_\B4WIMBUFE9IF68UU4HL8GWJNF.json
Campfire,Maps_4N,4N_D,Lake,nearest_finaltower_treasure_2d,CampfireActor,,,FT_BP_CampfireActor_C,BP_CampfireActor_C_UAID_60CF84EB60DA39E102_1722688139,171098.1,-127495.71,6057.8545,,,,component:SilentCheckComponent,FT_BP_TresureBoxDice_lv3_003_002,4N_D,327.719,327.723,C:\Tools\Output\Exports\HT\Content\Maps_4N\Maps\Maps_4N\_Generated_\834XVBYM2QOFDYCW0GP9Q6261.json
Campfire,Maps_4N,4N_D,Lake,nearest_finaltower_treasure_2d,CampfireActor,,,FT_BP_CampfireActor_C,BP_CampfireActor_C_UAID_60CF84EB60DA3AE102_1786345316,121999.016,-106350.94,2313.8477,,,,component:SilentCheckComponent,FT_BP_TreasureBox_lv1_003_015,4N_D,657.787,665.026,C:\Tools\Output\Exports\HT\Content\Maps_4N\Maps\Maps_4N\_Generated_\7KDRH1TOGQDTJEEU03S2HAR02.json
Campfire,Maps_4N,4N_D,Lake,nearest_finaltower_treasure_2d,CampfireActor,,,FT_BP_CampfireActor_C,BP_CampfireActor_C_UAID_60CF84EB60DA3FE702_1957200894,131085.83,-102623.414,3071.1794,8.583002,97.978714,8.041445e-15,component:SilentCheckComponent,FT_BP_TresureBoxDice_lv3_003_003,4N_D,6023.5,6033.589,C:\Tools\Output\Exports\HT\Content\Maps_4N\Maps\Maps_4N\_Generated_\6THMJO2Y6A4A4XYSC1MJ5VAHJ.json
Campfire,Maps_4N,4N_D,Lake,nearest_finaltower_treasure_2d,CampfireActor,,,FT_BP_CampfireActor_C,BP_CampfireActor_C_UAID_60CF84EB60DA40E702_1154994071,135024.12,-97039.21,4727.8203,0.0,-14.569312,0.0,component:SilentCheckComponent,FT_BP_TreasureBox_lv1_003_016,4N_D,209.071,209.266,C:\Tools\Output\Exports\HT\Content\Maps_4N\Maps\Maps_4N\_Generated_\4Y8BE8XHRB9MI9JRW181YX6UC.json
Campfire,Maps_4N,4N_D,Lake,nearest_finaltower_treasure_2d,CampfireActor,,,FT_BP_CampfireActor_C,BP_CampfireActor_C_UAID_60CF84EB60DA40E702_1253220072,145340.0,-104600.0,4422.711,0.0,-14.569312,0.0,component:SilentCheckComponent,FT_BP_TreasureBox_lv1_003_017,4N_D,241.323,241.328,C:\Tools\Output\Exports\HT\Content\Maps_4N\Maps\Maps_4N\_Generated_\2843J83V7KC536ZVQD6J83VIB.json
Campfire,Maps_4N,4N_D,Lake,nearest_finaltower_treasure_2d,CampfireActor,,,FT_BP_CampfireActor_C,BP_CampfireActor_C_UAID_60CF84EB60DA40E702_1369346073,173594.77,-125762.805,18211.682,0.0,199.35582,0.0,component:SilentCheckComponent,FT_BP_TreasureBox_lv1_003_012,4N_D,812.065,812.073,C:\Tools\Output\Exports\HT\Content\Maps_4N\Maps\Maps_4N\_Generated_\9ICAYBTAZQJF4S3ZLG8ZMVH8B.json
Campfire,Maps_4N,4N_E,Castle,nearest_finaltower_treasure_2d,CampfireActor,,,FT_BP_CampfireActor_C,FT_BP_CampfireActor_C_UAID_A0AD9F12254B31E702_1455943058,-155886.31,-171252.95,13615.784,0.0,-30.000002,0.0,component:SilentCheckComponent,FT_BP_TreasureBoxDice_lv3_004_005,4N_E,2039.334,2039.372,C:\Tools\Output\Exports\HT\Content\Maps_4N\Maps\Maps_4N\_Generated_\1TKCK1P6KA2KDBXVE3MP9OQ3Q.json
Campfire,Maps_4N,4N_E,Castle,nearest_finaltower_treasure_2d,CampfireActor,,,FT_BP_CampfireActor_C,FT_BP_CampfireActor_C_UAID_A0AD9F12254B9EE802_1660961436,-113105.086,-138318.83,59151.5,0.0,-275.0621,0.0,component:SilentCheckComponent,FT_BP_TreasureBox_lv3_004_007,4N_E,1554.764,1554.778,C:\Tools\Output\Exports\HT\Content\Maps_4N\Maps\Maps_4N\_Generated_\6UA8XAXYQKHKSM8678ZSRJREP.json
Campfire,Maps_4N,4N_E,Castle,nearest_finaltower_treasure_2d,CampfireActor,,,FT_BP_CampfireActor_C,FT_BP_CampfireActor_C_UAID_A0AD9F12254BD4E402_1515572596,-151826.3,-141899.8,8877.869,0.0,-415.0,0.0,component:SilentCheckComponent,FT_BP_TreasureBox_lv3_004_005,4N_E,3967.195,3967.204,C:\Tools\Output\Exports\HT\Content\Maps_4N\Maps\Maps_4N\_Generated_\AFU4EU4EF7Y7RSMALLXYJXSLR.json
Campfire,Maps_4N,4N_E,Castle,nearest_finaltower_treasure_2d,CampfireActor,,,FT_BP_CampfireActor_C,FT_BP_CampfireActor_C_UAID_A0AD9F12254BD4E402_1737557597,-140799.77,-153253.84,9464.553,0.0,-510.0,0.0,component:SilentCheckComponent,FT_BP_TreasureBox_lv3_004_006,4N_E,1659.63,1777.947,C:\Tools\Output\Exports\HT\Content\Maps_4N\Maps\Maps_4N\_Generated_\5A7T7F09CFHN1PIZXKJO6ZV15.json
Campfire,Maps_4N,4N_E,Castle,nearest_finaltower_treasure_2d,CampfireActor,,,FT_BP_CampfireActor_C,FT_BP_CampfireActor_C_UAID_A0AD9F12254BD4E402_2037384599,-145850.34,-144527.47,10059.88,0.0,140.96538,0.0,component:SilentCheckComponent,FT_BP_TreasureBox_lv1_004_012,4N_E,1287.333,1287.369,C:\Tools\Output\Exports\HT\Content\Maps_4N\Maps\Maps_4N\_Generated_\9BSC9N365ZWTST8WRHRGIYPOX.json
Campfire,Maps_4N,4N_E,Castle,nearest_finaltower_treasure_2d,CampfireActor,,,FT_BP_CampfireActor_C,FT_BP_CampfireActor_C_UAID_A0AD9F12254BD5E402_1123641776,-137092.61,-171255.19,17414.94,0.0,319.2757,0.0,component:SilentCheckComponent,FT_BP_TreasureBoxDice_lv3_004_006,4N_E,500.097,500.097,C:\Tools\Output\Exports\HT\Content\Maps_4N\Maps\Maps_4N\_Generated_\0T4P6098WB35Z1ORN3ACS1WW7.json
Campfire,Maps_4N,4N_E,Castle,nearest_finaltower_treasure_2d,CampfireActor,,,FT_BP_CampfireActor_C,FT_BP_CampfireActor_C_UAID_A0AD9F12254BD5E402_1472658777,-117152.19,-143741.28,37068.996,0.0,35.0,0.0,component:SilentCheckComponent,FT_BP_TreasureBox_lv2_004_007,4N_E,1517.125,12105.62,C:\Tools\Output\Exports\HT\Content\Maps_4N\Maps\Maps_4N\_Generated_\6EXGWFR24JXBKE39VDYT8AGDE.json
Campfire,Maps_4N,4N_E,Castle,nearest_finaltower_treasure_2d,CampfireActor,,,FT_BP_CampfireActor_C,FT_BP_CampfireActor_C_UAID_A0AD9F12254BF7E702_1259014905,-146272.17,-136948.08,9462.277,0.0,-200.0,0.0,component:SilentCheckComponent,FT_BP_TreasureBox_lv3_004_009,4N_E,1197.083,1332.9,C:\Tools\Output\Exports\HT\Content\Maps_4N\Maps\Maps_4N\_Generated_\6ABVQXCNVUPB2W5R149U8N65G.json
Campfire,Maps_4N,4N_E,Castle,nearest_finaltower_treasure_2d,CampfireActor,,,FT_BP_CampfireActor_C,FT_BP_CampfireActor_C_UAID_A0AD9F1610992AE302_1525226602,-165613.88,-152401.47,8388.961,0.0,-225.0,0.0,component:SilentCheckComponent,FT_BP_TreasureBox_lv3_004_012,4N_E,7208.551,7352.422,C:\Tools\Output\Exports\HT\Content\Maps_4N\Maps\Maps_4N\_Generated_\73GG1ZG3SBL0KVXI0U2MTAP9V.json
Campfire,Maps_4N,4N_Main,CampDLC,campfire_label_yingdi,Campfire_Yingdi,,,FT_BP_Campfire_Yingdi_C,FT_BP_Campfire_Yingdi_C_UAID_A0AD9F1610994FE202_01676f42f136a12d_1678247062,737.0927,-3039.073,-29297.0,24.0,176.0,0.0,component:SilentCheckComponent,FT_BP_TreasureBox_lv1_005_004,4N_Main,885.49,31456.825,C:\Tools\Output\Exports\HT\Content\Maps_4N\Maps\Maps_4N\_Generated_\DNZAI7O9JAIXLE6F728E8177J.json
FireTransferDrop,Maps_4N,4N_B,Volcano,direct_treasurebox_id,FireTransfer1,drop_FT_SP_FireTransfer1,FT_BP_TreasureBox_lv3_001_014,FT_BP_TreasureBox_lv3_001_C,FT_BP_TreasureBox_lv3_001_C_UAID_B082E23FEE72D2E902_1563567791,100576.086,142033.81,-11888.702,-0.0,-55.3287,0.0,RootComponent,FT_BP_TreasureBox_lv3_001_014,4N_B,0.0,0.0,C:\Tools\Output\Exports\HT\Content\Maps_4N\Maps\Maps_4N\_Generated_\63EARXEGV9S3VCFSXF10HD185.json
FireTransferDrop,Maps_4N,4N_B,Volcano,direct_treasurebox_id,FireTransfer2,drop_FT_SP_FireTransfer2,FT_BP_TreasureBox_lv3_001_013,FT_BP_TreasureBox_lv3_001_C,FT_BP_TreasureBox_lv3_001_C_UAID_B082E23FEE72D2E902_1581060792,103955.03,146339.84,-8687.638,3.9756934e-16,-93.04656,-2.4049916,RootComponent,FT_BP_TreasureBox_lv3_001_013,4N_B,0.0,0.0,C:\Tools\Output\Exports\HT\Content\Maps_4N\Maps\Maps_4N\_Generated_\7QF2IXG19YD2RRLOA58X3C404.json
FireTransferDrop,Maps_4N,4N_C,SnowMountain,direct_treasurebox_id,FireTransfer3,drop_FT_SP_FireTransfer3,FT_BP_TreasureBox_lv3_002_006,FT_BP_TreasureBox_lv3_002_C,FT_BP_TreasureBox_lv3_002_C_UAID_B082E23FEE7286E902_1402557133,-333504.06,127959.49,-7300.915,0.0,94.477104,-0.0,RootComponent,FT_BP_TreasureBox_lv3_002_006,4N_C,0.0,0.0,C:\Tools\Output\Exports\HT\Content\Maps_4N\Maps\Maps_4N\_Generated_\48QX3CISMKXDQVE7DGSYWLIDY.json
FireTransferDrop,Maps_4N,4N_C,SnowMountain,direct_treasurebox_id,FireTransfer4,drop_FT_SP_FireTransfer4,FT_BP_TreasureBox_lv3_002_007,FT_BP_TreasureBox_lv3_002_C,FT_BP_TreasureBox_lv3_002_C_UAID_B082E23FEE7286E902_1822445134,-348211.44,113193.33,-5497.498,0.0,-8.231285,0.0,RootComponent,FT_BP_TreasureBox_lv3_002_007,4N_C,0.0,0.0,C:\Tools\Output\Exports\HT\Content\Maps_4N\Maps\Maps_4N\_Generated_\B1X2V2D355L9WD76V3QHC2J87.json
FireTransferDrop,Maps_4N,4N_D,Lake,direct_treasurebox_id,FireTransfer5,drop_FT_SP_FireTransfer5,FT_BP_TreasureBox_lv2_003_004,FT_BP_TreasureBox_lv2_003_C,FT_BP_TreasureBox_lv2_003_C_UAID_60CF84EB60DA32E702_1822831254,129067.32,-147828.31,4379.4517,0.0,41.87829,0.0,RootComponent,FT_BP_TreasureBox_lv2_003_004,4N_D,0.0,0.0,C:\Tools\Output\Exports\HT\Content\Maps_4N\Maps\Maps_4N\_Generated_\8M33STNUK88GGBTFPPMEHG7MV.json
FireTransferDrop,Maps_4N,4N_D,Lake,direct_treasurebox_id,FireTransfer6,drop_FT_SP_FireTransfer6,FT_BP_TreasureBox_lv2_003_002,FT_BP_TreasureBox_lv2_003_C,FT_BP_TreasureBox_lv2_003_C_UAID_60CF84EB60DA32E702_1465580250,168707.11,-124721.46,6475.0,0.0,-189.75714,0.0,RootComponent,FT_BP_TreasureBox_lv2_003_002,4N_D,0.0,0.0,C:\Tools\Output\Exports\HT\Content\Maps_4N\Maps\Maps_4N\_Generated_\834XVBYM2QOFDYCW0GP9Q6261.json
FireTransferDrop,Maps_4N,4N_E,Castle,direct_treasurebox_id,FireTransfer7,drop_FT_SP_FireTransfer7,FT_BP_TreasureBox_lv3_004_014,FT_BP_TreasureBox_lv3_004_C,FT_BP_TreasureBox_lv1_004_C_UAID_B082E23FEE72D5E902_1655946962,-147656.08,-141247.52,10068.225,0.0,9.426899,-0.0,RootComponent,FT_BP_TreasureBox_lv3_004_014,4N_E,0.0,0.0,C:\Tools\Output\Exports\HT\Content\Maps_4N\Maps\Maps_4N\_Generated_\AFU4EU4EF7Y7RSMALLXYJXSLR.json
FireTransferDrop,Maps_4N,4N_E,Castle,direct_treasurebox_id,FireTransfer8,drop_FT_SP_FireTransfer8,FT_BP_TreasureBox_lv3_004_015,FT_BP_TreasureBox_lv3_004_C,FT_BP_TreasureBox_lv1_004_C_UAID_B082E23FEE72D5E902_1659886963,-118350.375,-141482.11,37118.69,-0.0,-103.43614,0.0,RootComponent,FT_BP_TreasureBox_lv3_004_015,4N_E,0.0,0.0,C:\Tools\Output\Exports\HT\Content\Maps_4N\Maps\Maps_4N\_Generated_\6EXGWFR24JXBKE39VDYT8AGDE.json
Portal,Maps_4N,,ArenaDLC,portal_label_special_dlc_no_4N_area,ArenaDLC,,,FT_BP_Portal_ArenaDLC_C,FT_BP_Portal_ArenaDLC_C_UAID_CC28AAD1573C84E702_1756104665,2848.4001,1040.104,-59519.086,0.0,-129.06702,0.0,component:SilentCheckComponent,FT_BP_TreasureBox_lv1_005_002,4N_Main,1507.932,60843.88,C:\Tools\Output\Exports\HT\Content\Maps_4N\Maps\Maps_4N\_Generated_\1NH2NIV99H9PVHK7Q1ZFBM3AM.json
Portal,Maps_4N,,BounceDLC,portal_label_special_dlc_no_4N_area,BounceDLC,,,FT_BP_Portal_BounceDLC_C,FT_BP_Portal_BounceDLC_C_UAID_CC28AAD1573C06E602_1135075504,2745.0125,933.6456,-59521.547,0.0,232.89519,0.0,component:SilentCheckComponent,FT_BP_TreasureBox_lv1_005_002,4N_Main,1605.917,60848.848,C:\Tools\Output\Exports\HT\Content\Maps_4N\Maps\Maps_4N\_Generated_\71H6EZ8PYBP44414JH0R9AHCR.json
Portal,Maps_4N,,ChessDLC,portal_label_special_dlc_no_4N_area,ChessDLC,,,FT_BP_Portal_ChessDLC_C,FT_BP_Portal_ChessDLC_C_UAID_CC28AACFC55302E502_1292903675,-1784.6675,37017.895,-64777.207,,,,component:SilentCheckComponent,FT_BP_TreasureBox_lv1_005_016,4N_Main,23561.596,70250.667,C:\Tools\Output\Exports\HT\Content\Maps_4N\Maps\Maps_4N\_Generated_\46783LI99UI5SQAVOBEHZE8DV.json
Portal,Maps_4N,,Jump1DLC,portal_label_special_dlc_no_4N_area,Jump1DLC,,,FT_BP_Portal_Jump1DLC_C,FT_BP_Portal_Jump1DLC_C_UAID_CC28AAD1573C40E702_2a3158a7bcb2f117_2040654703,5290.6904,10927.0625,-77098.86,0.0,180.0,0.0,component:SilentCheckComponent,FT_BP_TreasureBox_lv1_005_012,4N_Main,3881.541,78205.084,C:\Tools\Output\Exports\HT\Content\Maps_4N\Maps\Maps_4N\_Generated_\6RS5L6R5DCXX4WALHSBYTTYHW.json
Portal,Maps_4N,,Jump1DLC,portal_label_special_dlc_no_4N_area,Jump1DLC,,,FT_BP_Portal_Jump1DLC_C,FT_BP_Portal_Jump1DLC_C_UAID_CC28AAD1573C84E802_2a3158a7bcb2f117_1585078737,-2010.8838,10927.0625,-91844.53,,,,component:SilentCheckComponent,FT_BP_TreasureBox_lv1_005_001,4N_Main,2505.873,92831.358,C:\Tools\Output\Exports\HT\Content\Maps_4N\Maps\Maps_4N\_Generated_\3WF4I9W73SJGLFAT55KQZZUEE.json
Portal,Maps_4N,,JumpFunDLC_02,portal_label_special_dlc_no_4N_area,JumpFunDLC_02,,,FT_BP_Portal_JumpFunDLC_02_C,FT_BP_Portal_JumpFunDLC_02_C_UAID_CC28AACFC5531DE502_1618639429,-67041.13,666.3184,-62003.03,0.0,-88.75983,0.0,component:SilentCheckComponent,FT_BP_TreasureBox_lv3_005_001,4N_Main,59833.745,87805.193,C:\Tools\Output\Exports\HT\Content\Maps_4N\Maps\Maps_4N\_Generated_\9D0IOSCWOIB399H8XY0PB1YEX.json
Portal,Maps_4N,,JumpFunDLC_02,portal_label_special_dlc_no_4N_area,JumpFunDLC_02,,,FT_BP_Portal_JumpFunDLC_02_C,FT_BP_Portal_JumpFunDLC_02_C_UAID_CC28AACFC5538EE702_1876456425,-66894.914,6406.1465,-60026.03,-5.0,-8.759826,2.1722858e-11,component:SilentCheckComponent,FT_BP_TreasureBox_lv1_005_011,4N_Main,59660.439,85688.586,C:\Tools\Output\Exports\HT\Content\Maps_4N\Maps\Maps_4N\_Generated_\EMXJ2Y90Y2JCC0VN0H321HPDD.json
Portal,Maps_4N,,KnightDLC,portal_label_special_dlc_no_4N_area,KnightDLC,,,FT_BP_Portal_KnightDLC_C,FT_BP_Portal_KnightDLC_C_UAID_CC28AACFC553FDE602_1925504911,-12336.0,37746.0,-64760.0,,,,component:SilentCheckComponent,FT_BP_TreasureBox_lv1_005_016,4N_Main,26150.638,71144.824,C:\Tools\Output\Exports\HT\Content\Maps_4N\Maps\Maps_4N\_Generated_\C80UGDL1TH0893JV68MTOXTFG.json
Portal,Maps_4N,,RedFogDLC,portal_label_special_dlc_no_4N_area,RedFogDLC,,,FT_BP_Portal_RedFogDLC_C,FT_BP_Portal_RedFogDLC_C_UAID_CC28AACFC5532EE802_1295561595,9151.0,37145.0,-64800.0,,,,component:SilentCheckComponent,FT_BP_TreasureBox_lv1_005_016,4N_Main,26435.17,71287.047,C:\Tools\Output\Exports\HT\Content\Maps_4N\Maps\Maps_4N\_Generated_\DIP23UOUNBO9W3BU43Y285VXL.json
Portal,Maps_4N,,SheepDLC,portal_label_special_dlc_no_4N_area,SheepDLC,,,FT_BP_Portal_SheepDLC_C,FT_BP_Portal_SheepDLC_C_UAID_CC28AAD1573C71E902_1923235452,2785.838,969.29175,-59519.062,0.0,-128.70232,0.0,component:SilentCheckComponent,FT_BP_TreasureBox_lv1_005_002,4N_Main,1572.654,60845.495,C:\Tools\Output\Exports\HT\Content\Maps_4N\Maps\Maps_4N\_Generated_\09X1MHI1Q8XQV9RK51JJBYQ7I.json
Portal,Maps_4N,,ShinkuFightDLC,portal_label_special_dlc_no_4N_area,ShinkuFightDLC,,,FT_BP_Portal_ShinkuFightDLC_C,FT_BP_Portal_ShinkuFightDLC_C_UAID_BCFCE76BD52A79E902_1154915844,2651.5,822.5,-59520.0,0.0,140.0,0.0,component:SilentCheckComponent,FT_BP_TreasureBox_lv1_005_002,4N_Main,1715.699,60850.298,C:\Tools\Output\Exports\HT\Content\Maps_4N\Maps\Maps_4N\_Generated_\3203PT8H5BHXP01COCGW6BMJE.json
Portal,Maps_4N,4N_A,VillageDLC,portal_label_Village,VillageDLC,,,FT_BP_Portal_VillageDLC_C,FT_BP_Portal_VillageDLC_C_UAID_A0AD9F16109957E102_1397086411,-36456.223,124963.21,3122.1729,0.0,47.22705,0.0,component:SilentCheckComponent,FT_BP_TreasureBox_lv1_006_002,4N_A,4702.519,4714.999,C:\Tools\Output\Exports\HT\Content\Maps_4N\Maps\Maps_4N\_Generated_\A8J0CZ1Z98PUQN5OP537VYYMN.json
Portal,Maps_4N,4N_B,VolcanoDLC,portal_label_Valcano,ValcanoDLC,,,FT_BP_Portal_ValcanoDLC_C,FT_BP_Portal_ValcanoDLC_C_UAID_A0AD9F16109957E102_1844358420,112005.55,113701.81,-14180.196,0.0,95.0,0.0,component:SilentCheckComponent,FT_BP_TreasureBox_lv1_001_005,4N_B,5584.916,5667.717,C:\Tools\Output\Exports\HT\Content\Maps_4N\Maps\Maps_4N\_Generated_\0I8H277O5HV3XS0T6X29NHOO6.json
Portal,Maps_4N,4N_B,VolcanoDLC,portal_label_Valcano,ValcanoDLC,,,FT_BP_Portal_ValcanoDLC_C,FT_BP_Portal_ValcanoDLC_C_UAID_A0AD9F16109976E502_1074890092,84368.55,145948.81,2211.8042,0.0,20.0,0.0,component:SilentCheckComponent,FT_BP_TreasureBox_lv3_001_001,4N_B,1291.214,1291.433,C:\Tools\Output\Exports\HT\Content\Maps_4N\Maps\Maps_4N\_Generated_\91E6SOAJVQ4NN23DRASIZ7UK0.json
Portal,Maps_4N,4N_C,SnowMountainDLC,portal_label_SnowMountain,SnowMountainDLC,,,FT_BP_Portal_SnowMountainDLC_C,FT_BP_Portal_SnowMountainDLC_C_UAID_A0AD9F16109957E102_1808204419,-347659.06,94956.14,-5662.789,0.0,125.0,0.0,component:SilentCheckComponent,FT_BP_TreasureBox_lv1_002_001,4N_C,8874.624,8893.214,C:\Tools\Output\Exports\HT\Content\Maps_4N\Maps\Maps_4N\_Generated_\3YBAWAQBZSVYE6ODW6K2NZP5N.json
Portal,Maps_4N,4N_C,SnowMountainDLC,portal_label_SnowMountain,SnowMountainDLC,,,FT_BP_Portal_SnowMountainDLC_C,FT_BP_Portal_SnowMountainDLC_C_UAID_C87F54A996C560E502_2071779281,-298328.22,184773.28,11309.973,0.0,-150.5108,0.0,component:SilentCheckComponent,FT_BP_TreasureBox_lv3_002_R2_007,4N_C,1001.92,1001.98,C:\Tools\Output\Exports\HT\Content\Maps_4N\Maps\Maps_4N\_Generated_\4NVFA7HWVO6LEXCUF6NWHH6CK.json
Portal,Maps_4N,4N_D,LakeDLC,portal_label_Lake,LakeDLC,,,FT_BP_Portal_LakeDLC_C,FT_BP_Portal_LakeDLC_C_UAID_A0AD9F16109957E102_1574457417,106126.86,-123640.63,2595.757,0.0,2.4868996e-14,0.0,component:SilentCheckComponent,FT_BP_TreasureBox_lv1_003_011,4N_D,6249.95,6250.62,C:\Tools\Output\Exports\HT\Content\Maps_4N\Maps\Maps_4N\_Generated_\09LYKPJUPD950YFJS4YQLP57T.json
Portal,Maps_4N,4N_D,LakeDLC,portal_label_Lake,LakeDLC,,,FT_BP_Portal_LakeDLC_C,FT_BP_Portal_LakeDLC_C_UAID_A0AD9F161099C2E502_1425246504,165983.22,-127284.17,18217.758,0.0,10.0,0.0,component:SilentCheckComponent,FT_BP_TreasureBox_lv1_003_000,4N_D,802.558,11762.499,C:\Tools\Output\Exports\HT\Content\Maps_4N\Maps\Maps_4N\_Generated_\84068UILED9CFX06ZDCQVZ02T.json
Portal,Maps_4N,4N_E,CastleDLC,portal_label_Castle,CastleDLC,,,FT_BP_Portal_CastleDLC_C,FT_BP_Portal_CastleDLC_C_UAID_A0AD9F16109957E102_1763407418,-170249.14,-155701.45,7927.7217,0.0,50.363426,0.0,component:SilentCheckComponent,FT_BP_TreasureBox_lv3_004_012,4N_E,1518.68,2439.101,C:\Tools\Output\Exports\HT\Content\Maps_4N\Maps\Maps_4N\_Generated_\6ROYG1JRPA3J8ILQS1S16T7UF.json
Portal,Maps_4N,4N_E,CastleDLC,portal_label_Castle,CastleDLC,,,FT_BP_Portal_CastleDLC_C,FT_BP_Portal_CastleDLC_C_UAID_A0AD9F161099C2E502_1635632505,-108511.58,-137434.02,60207.723,0.0,195.36342,0.0,component:SilentCheckComponent,FT_BP_TreasureBox_lv3_004_003,4N_E,2878.883,23313.01,C:\Tools\Output\Exports\HT\Content\Maps_4N\Maps\Maps_4N\_Generated_\5OXBJRLGBTIUWT651FX4T5NOO.json
Portal,Maps_4N,4N_Main,Mainland,portal_label_mainland,ArenaMainland,,,FT_BP_Portal_ArenaMainland_C,FT_BP_Portal_ArenaMainland_C_UAID_CC28AAD1573C4DE502_1621718875,2610.2012,-2347.867,1833.5441,0.0,-80.61276,0.0,component:SilentCheckComponent,FT_BP_TreasureBox_lv1_005_007,4N_Main,1585.433,1589.475,C:\Tools\Output\Exports\HT\Content\Maps_4N\Maps\Maps_4N\_Generated_\2RKALAKKZKVHEMGUYPU3VZQYY.json
Portal,Maps_4N,4N_Main,Mainland,portal_label_mainland,BounceMainland,,,FT_BP_Portal_BounceMainland_C,FT_BP_Portal_BounceMainland_C_UAID_CC28AAD1573C4DE502_1633673876,233.2962,-3608.3264,2150.6357,0.0,13.935108,0.0,component:SilentCheckComponent,FT_BP_TreasureBox_lv1_005_004,4N_Main,334.301,334.318,C:\Tools\Output\Exports\HT\Content\Maps_4N\Maps\Maps_4N\_Generated_\2RKALAKKZKVHEMGUYPU3VZQYY.json
Portal,Maps_4N,4N_Main,CampDLC,portal_label_CampDLC,CampDLC,,,FT_BP_Portal_CampDLC_C,FT_BP_Portal_CampDLC_C_UAID_A0AD9F1610992AE402_01676f42f136a12d_1455409661,2930.17,-3832.9448,-29148.867,0.0,160.0,0.0,component:SilentCheckComponent,FT_BP_TreasureBox_lv1_005_007,4N_Main,2241.596,31176.378,C:\Tools\Output\Exports\HT\Content\Maps_4N\Maps\Maps_4N\_Generated_\DNZAI7O9JAIXLE6F728E8177J.json
Portal,Maps_4N,4N_Main,Mainland,portal_label_mainland,CampMainland,,,FT_BP_Portal_CampMainland_C,FT_BP_Portal_CampMainland_C_UAID_A0AD9F1610995FE502_1225063041,-1740.0,5830.0,1150.0,0.0,50.0,0.0,component:SilentCheckComponent,FT_BP_TreasureBox_lv1_005_013,4N_Main,2304.568,2304.742,C:\Tools\Output\Exports\HT\Content\Maps_4N\Maps\Maps_4N\_Generated_\0A6XSK8DJZ4BXONKETKXWBWOD.json
Portal,Maps_4N,4N_Main,Mainland,portal_label_mainland,CastleMainland,,,FT_BP_Portal_CastleMainland_C,FT_BP_Portal_CastleMainland_C_UAID_A0AD9F16109957E102_1522104415,-8128.693,-1368.5243,2418.0,0.0,45.0,0.0,component:SilentCheckComponent,FT_BP_TreasureBox_lv3_005_001,4N_Main,1296.887,1306.534,C:\Tools\Output\Exports\HT\Content\Maps_4N\Maps\Maps_4N\_Generated_\01ZC4Q5HSOY9ZYGELDGX62JUF.json
Portal,Maps_4N,4N_Main,Mainland,portal_label_mainland,ChessMainLand,,,FT_BP_Portal_ChessMainLand_C,FT_BP_Portal_ChessMainLand_C_UAID_CC28AACFC55302E502_1075869674,661.4391,7590.802,1042.1681,0.0,-45.0,0.0,component:SilentCheckComponent,FT_BP_TreasureBox_lv1_005_013,4N_Main,1345.297,1347.641,C:\Tools\Output\Exports\HT\Content\Maps_4N\Maps\Maps_4N\_Generated_\1OYWNKD6KL2X3H886JTFRWPMY.json
Portal,Maps_4N,4N_Main,Mainland,portal_label_mainland,Jump1Mainland,,,FT_BP_Portal_Jump1Mainland_C,FT_BP_Portal_Jump1Mainland_C_UAID_CC28AAD1573C4DE502_1581975874,1033.2472,10807.242,1118.9662,0.0,-63.868664,0.0,component:SilentCheckComponent,FT_BP_TreasureBox_lv1_005_012,4N_Main,424.847,438.639,C:\Tools\Output\Exports\HT\Content\Maps_4N\Maps\Maps_4N\_Generated_\1OYWNKD6KL2X3H886JTFRWPMY.json
Portal,Maps_4N,4N_Main,Mainland,portal_label_mainland,JumpFunMainLand_02,,,FT_BP_Portal_JumpFunMainLand_02_C,FT_BP_Portal_JumpFunDLC_02_C_UAID_CC28AACFC5530AE502_1681502085,653.9256,1844.5558,1104.8206,0.0,-85.0,0.0,component:SilentCheckComponent,FT_BP_TreasureBox_lv1_005_002,4N_Main,2136.78,2146.24,C:\Tools\Output\Exports\HT\Content\Maps_4N\Maps\Maps_4N\_Generated_\6SGN5YDONBHS4PBHTJHDHD0DT.json
Portal,Maps_4N,4N_Main,Mainland,portal_label_mainland,KnightMainland,,,FT_BP_Portal_KnightMainland_C,FT_BP_Portal_KnightMainland_C_UAID_CC28AAD1573C4DE502_1655842877,-7193.556,7111.047,1601.9117,0.0,120.48335,0.0,component:SilentCheckComponent,FT_BP_TreasureBox_lv1_005_003,4N_Main,2805.186,2828.511,C:\Tools\Output\Exports\HT\Content\Maps_4N\Maps\Maps_4N\_Generated_\2E9AGWITEWNS08H1RSXX1M9HN.json
Portal,Maps_4N,4N_Main,Mainland,portal_label_mainland,LakeMainland,,,FT_BP_Portal_LakeMainland_C,FT_BP_Portal_LakeMainland_C_UAID_A0AD9F16109957E102_1547069416,7267.285,-129.28893,1798.5331,0.0,145.0,0.0,component:SilentCheckComponent,FT_BP_TreasureBox_lv1_005_006,4N_Main,2987.206,2987.686,C:\Tools\Output\Exports\HT\Content\Maps_4N\Maps\Maps_4N\_Generated_\EU10FCT5DBEDR1HHSCHNCG1UM.json
Portal,Maps_4N,4N_Main,Mainland,portal_label_mainland,RedFogMainLand,,,FT_BP_Portal_RedFogMainLand_C,FT_BP_Portal_RedFogMainLand_C_UAID_CC28AACFC5532FE802_1429472777,6775.9233,2099.665,1100.0,0.0,-175.0,0.0,component:SilentCheckComponent,FT_BP_TreasureBox_lv1_005_005,4N_Main,1930.576,1934.885,C:\Tools\Output\Exports\HT\Content\Maps_4N\Maps\Maps_4N\_Generated_\D4EYR0RMXHY05MS5LWDYKI2KB.json
Portal,Maps_4N,4N_Main,Mainland,portal_label_mainland,SheepMainland,,,FT_BP_Portal_SheepMainland_C,FT_BP_Portal_SheepMainland_C_UAID_CC28AAD1573C4FE502_1876479231,-2323.377,11603.977,1186.8367,0.0,81.763245,0.0,component:SilentCheckComponent,FT_BP_TreasureBox_lv1_005_016,4N_Main,1888.892,1901.382,C:\Tools\Output\Exports\HT\Content\Maps_4N\Maps\Maps_4N\_Generated_\3DBDNDY3PHHDJ3JQENJMPYF4C.json
Portal,Maps_4N,4N_Main,Mainland,portal_label_mainland,ShinkuFightMainLand,,,FT_BP_Portal_ShinkuFightMainLand_C,FT_BP_Portal_ShinkuFightMainLand_C_UAID_BCFCE76BD52AEEE802_1074105407,6160.0,-2420.0,2030.0,10.0,40.0,-5.0,component:SilentCheckComponent,FT_BP_TreasureBox_lv1_005_007,4N_Main,2069.753,2071.423,C:\Tools\Output\Exports\HT\Content\Maps_4N\Maps\Maps_4N\_Generated_\2RKALAKKZKVHEMGUYPU3VZQYY.json
Portal,Maps_4N,4N_Main,Mainland,portal_label_mainland,SnowMountainMainland,,,FT_BP_Portal_SnowMountainMainland_C,FT_BP_Portal_SnowMountainMainland_C_UAID_A0AD9F16109957E102_1500228414,-10414.435,7428.466,1950.8499,0.0,5.0,0.0,component:SilentCheckComponent,FT_BP_TreasureBox_lv1_005_011,4N_Main,4463.963,4488.578,C:\Tools\Output\Exports\HT\Content\Maps_4N\Maps\Maps_4N\_Generated_\2E9AGWITEWNS08H1RSXX1M9HN.json
Portal,Maps_4N,4N_Main,Mainland,portal_label_mainland,ValcanoMainland,,,FT_BP_Portal_ValcanoMainland_C,FT_BP_Portal_ValcanoMainland_C_UAID_A0AD9F16109957E102_1449466412,5610.546,6563.697,1459.6381,0.0,-135.0,0.0,component:SilentCheckComponent,FT_BP_TreasureBox_lv1_005_005,4N_Main,2736.057,2779.359,C:\Tools\Output\Exports\HT\Content\Maps_4N\Maps\Maps_4N\_Generated_\1OYWNKD6KL2X3H886JTFRWPMY.json
Portal,Maps_4N,4N_Main,Mainland,portal_label_mainland,VillageMainland,,,FT_BP_Portal_VillageMainland_C,FT_BP_Portal_VillageMainland_C_UAID_A0AD9F16109957E102_1466611413,-1756.1628,13639.043,1333.3313,0.0,-80.0,0.0,component:SilentCheckComponent,FT_BP_TreasureBox_lv1_005_016,4N_Main,871.484,874.379,C:\Tools\Output\Exports\HT\Content\Maps_4N\Maps\Maps_4N\_Generated_\CA82UVDCGTZTH8XJE5XL91OH8.json
